都道府県,自治体・団体名,ドメイン,生存確認,連絡手段,連絡先/フォームURL,情報元ページ,備考
三重県,三重県動物愛護管理センター,mie-dakc.server-shared.com,生存,メール,mie.dakc@aqua.ocn.ne.jp (三重県動物愛護管理センター) / asmile@pref.mie.lg.jp (三重県 動物愛護推進課とみられる県担当窓口),http://mie-dakc.server-shared.com/otoiawase.html,トップページ(https://mie-dakc.server-shared.com/)内の「お問い合わせ」リンクからotoiawase.htmlに到達し、2つのメールアドレスが明記されていることを確認。mie.dakc@aqua.ocn.ne.jpはセンター直通、asmile@pref.mie.lg.jpは県庁側の窓口と推測される(ページ表記から推測、断定はできない)。フォームは確認できなかった。
三重県,四日市市,www.city.yokkaichi.lg.jp,生存,メール,eiseishidou@city.yokkaichi.mie.jp,https://www.city.yokkaichi.lg.jp/www/job/1480072588911/index.html,衛生指導課(健康福祉部)のページにメールアドレスが明記されていた。電話059-352-0591、FAX059-351-3304も併記。トップページや部署ディレクトリには問い合わせフォーム・メールの記載はなく、衛生指導課の個別ページでのみ確認できた。
京都府,京都府 山城北保健所,www.pref.kyoto.jp,生存,メール,yamashin-ho-kita-kikaku@pref.kyoto.lg.jp,https://www.pref.kyoto.jp/yamashiro/ho-kita/121852245466.html,同ページに電話番号(衛生課 0774-21-2912、保健所 0774-21-2191)、FAX(0774-24-6215)、住所(宇治市宇治若森7-6)も記載あり。メールアドレスが明記されていたため、フォーム探索は行っていない。
佐賀県,佐賀県,www.pref.saga.lg.jp,生存,メール,chuubuhokenfukushi@pref.saga.lg.jp,https://www.pref.saga.lg.jp/kiji00336883/index.html,対象ページ(kiji00349237)にはメールアドレスの直接記載はなく、電話番号(0952-30-1350)のみ記載。ページ下部の「各課へのお問合せ」リンク先(kiji00336883/index.html)に佐賀中部保健福祉事務所のメールアドレスが記載されていた。問い合わせフォームは見つからなかった。
北海道,旭川市あにまある,www.douaicenter.jp,生存,メール,douaicenter@city.asahikawa.hokkaido.jp,https://www.douaicenter.jp/,トップページのフッターに「お問い合わせ」リンクがあり、メールアドレス douaicenter@city.asahikawa.hokkaido.jp が明記されている。電話 0166-25-5271、FAX 0166-25-1313 も併記。施設見学・譲渡手続きの申し込みは専用ページ https://www.douaicenter.jp/visit から予約制。
北海道,アニウェル北海道,aniwel.jp,生存,メール,contact@aniwel.jp,https://aniwel.jp/cats/,/cats/ ページ本文にメールアドレス contact@aniwel.jp、電話番号 0157-57-3612(10:00-16:00)、施設住所(北見市相内町357-6)が明記されている。一方トップページのWebFetch結果では hi-ueta59@earth-pet.jp という別のメールアドレスとFAX番号(0157-57-3615)も検出されたが、これは委託先(earth-pet.jp
北海道,函館どうなん動物愛護センター,nyantomo.jp,生存,メール,neko@nyantomo.jp,https://nyantomo.jp/about/,運営はNPO法人ニャン友ねっとわーく北海道（個人ボランティア団体、多頭飼育崩壊現場からの猫保護活動）。対象ページ自体（donanhakodate）には道南地域の連絡先として北海道動物愛護センター道南センター(070-9338-2665)と函館市動物愛護管理センター(0138-32-1524、譲渡専用0138-44-2690)の電話番号のみ記載、メール・フォームはなし。メールアドレスはサイト全体の問
千葉県,千葉市,www.city.chiba.jp,生存,メール,dobutsuhogo.HWM@city.chiba.lg.jp,https://www.city.chiba.jp/hokenfukushi/iryoeisei/seikatsueisei/dobutsuhogo/lost_dog.html,担当部署は千葉市動物保護指導センター（千葉市稲毛区宮野木町445-1、TEL 043-258-7817、FAX 043-258-7818）。メールアドレスがページ内に明記されていたため、トップページの問い合わせフォーム探索は不要だった。
和歌山県,和歌山県,www.pref.wakayama.lg.jp,生存,メール,e0316011@pref.wakayama.lg.jp,https://www.pref.wakayama.lg.jp/prefg/031601/d00156970.html,担当部署は和歌山県動物愛護センター(〒640-1251 海草郡紀美野町国木原372、TEL 073-489-6500、FAX 073-489-6504)。メールアドレスが対象ページ内に明記されていたため、フォーム探索は不要と判断した。
宮城県,仙台市アニパル,www.city.sendai.jp,生存,メール,fuk005570@city.sendai.jp,https://www.city.sendai.jp/soshikikanri/shise/gaiyo/soshiki/052/071.html,対象ページ(inu.html)自体には電話(022-258-1626)・ファクス(022-258-1815)の記載のみでメールやフォームへのリンクはなし。組織概要ページ「健康福祉局動物管理センター」(inu.htmlからもリンクあり)にメールアドレスfuk005570@city.sendai.jpの記載を確認。仙台市トップページには動物管理センター専用の問い合わせリンクはなく、代わりに総合コールセ
宮崎県,宮崎市,www.city.miyazaki.miyazaki.jp,生存,メール,10eisei@city.miyazaki.miyazaki.jp,https://www.city.miyazaki.miyazaki.jp/life/pet/protection/411118.html,担当部署は健康管理部保健所保健衛生課動物愛護センター（電話0985-85-6011、Fax0985-85-6022）。ページ内注記に「メールによるお問い合わせは受け付けておりません。お電話でお願いします」とあり、実運用では電話連絡が推奨されている点に注意。ただしメールアドレス自体はページ内に明記されている。
岐阜県,岐阜県,www.pref.gifu.lg.jp,生存,メール,c11222@pref.gifu.lg.jp,https://www.pref.gifu.lg.jp/page/1638.html,担当部署: 岐阜県 生活衛生課(動物愛護係)。電話 058-272-1986、FAX 058-278-2627、所在地: 県庁15階。メールアドレスが対象ページ内に明記されていたため、別途トップページの問い合わせページ探索は不要と判断した。
島根県,島根県 松江保健所,www.pref.shimane.lg.jp,生存,メール,matsue-hc@pref.shimane.lg.jp,https://www.pref.shimane.lg.jp/infra/nature/animal/matsue_hoken/doubutu/hogozyouhou_kakobunn/syuyouari.html,対象ページ内に松江保健所(代表)の問い合わせ先が明記されていた: 電話0852-23-1313、FAX 0852-21-2770/0852-31-6694、メールmatsue-hc@pref.shimane.lg.jp。動物愛護推進課直通の電話番号(0852-61-8875)も記載あり(メールは代表宛のみ確認)。
広島県,広島市,www.city.hiroshima.lg.jp,生存,メール,dobutsu@city.hiroshima.lg.jp,https://www.city.hiroshima.lg.jp/living/pet-doubutsu/1021301/1026245/1037461.html,ページ内のメールアドレスはCloudflareのメール難読化(email-protection)でエンコードされていたため、curlでhtmlを取得しhex文字列をXOR復号して実アドレスを確認した(dobutsu@city.hiroshima.lg.jp、健康福祉局動物愛護センター宛)。電話082-243-6058、FAX082-243-6276も併記あり。なおヘッダーの「お問い合わせ」リンク(
愛媛県,松山市 はぴまるの丘,www.city.matsuyama.ehime.jp,生存,メール,hceisei@city.matsuyama.ehime.jp,https://www.city.matsuyama.ehime.jp/kurashi/kurashi/aigo/index.html,担当部署は生活衛生課（Health & Sanitation Division）。電話089-911-1862、FAX089-923-6627。はぴまるの丘（動物愛護センター）直通電話089-923-9435、メールは同じhceisei@city.matsuyama.ehime.jp。所在地は松山総合公園内。フォームの有無は本文中に明記なしだが、メールアドレスが確認できたためcontact_met
愛知県,名古屋市,www.city.nagoya.jp,生存,メール,a7620380-01@kenkofukushi.city.nagoya.lg.jp,https://www.city.nagoya.jp/kurashi/pet/1015473/1015489/1015493.html,担当部署: 名古屋市健康福祉局生活衛生課 動物愛護センター。電話052-762-0380、FAX052-762-0423も併記されている。メールアドレスは対象ページ本文中に直接記載されており、別途トップページの問い合わせフォームを探索する必要はなかった。
愛知県,豊橋市あいくる,toyohashi-aikuru.jp,生存,メール,seikatsueisei@city.toyohashi.lg.jp,https://www.city.toyohashi.lg.jp/2776.htm,動物愛護センター「あいくる」トップページ(https://toyohashi-aikuru.jp/)自体にはメールアドレス・問い合わせフォームの記載はなく、電話番号(0532-39-9127)のみ案内されている。トップページからリンクされている豊橋市生活衛生課ページ(https://www.city.toyohashi.lg.jp/2776.htm)にメールアドレス seikatsueisei@c
東京都,東京都収容動物情報,shuyojoho.metro.tokyo.lg.jp,生存,メール,S1150605@section.metro.tokyo.jp（本所・23区担当）／S1150607@section.metro.tokyo.jp（多摩支所担当）,https://www.hokeniryo.metro.tokyo.lg.jp/shisetsu/jigyosyo/douso/toiawase,対象URL(shuyojoho.metro.tokyo.lg.jp)は収容動物情報の掲載ページで、問い合わせ先の記載は電話番号(03-3302-3507)とFAXのみ。メールアドレスは同センターを運営する東京都保健医療局の公式サイト内「お問合せ」ページ(hokeniryo.metro.tokyo.lg.jp)に記載されている。件名なしメールはセキュリティ上ブロックされる場合がある旨の注記あり。
栃木県,栃木県動物愛護指導センター,www.douai.pref.tochigi.lg.jp,生存,メール,doubutsu-asc@pref.tochigi.lg.jp,https://www.douai.pref.tochigi.lg.jp/contact-information/,電話番号028-684-5458(月~金 8:30-17:15)も併記あり。問い合わせフォームへのリンクはページ内に見当たらず、メールまたは電話が推奨されている。
沖縄県,那覇市,www.city.naha.okinawa.jp,生存,メール,NAHAINFO@city.naha.lg.jp,https://www.city.naha.okinawa.jp/about/1005987.html,これは環境衛生課専用ではなく那覇市の一般問い合わせ用メールアドレス。部署別メールは確認できなかった。動物関連の直接窓口は電話(098-951-1530、環境部環境衛生課)が明記されている。フォームは見つからず、電話問い合わせが実質の主手段。
滋賀県,滋賀県動物保護管理センター,www.sapca.jp,生存,メール,sapca@beach.ocn.ne.jp,https://www.sapca.jp/lost,"対象ページ(https://www.sapca.jp/lost)およびトップページ(https://www.sapca.jp/)双方に一般財団法人滋賀県動物保護管理協会の連絡先として、電話番号(0748-75-6522, センター直通0748-75-1911)、FAX(0748-75-3295)、メールアドレス(sapca@beach.ocn.ne.jp)、住所(滋賀県甲賀市岩根136-98)が明"
熊本県,熊本市,www.city.kumamoto.jp,生存,メール,doubutsuaigo@city.kumamoto.lg.jp,https://www.city.kumamoto.jp/doubutuaigo/list03612.html,対象ページ自体に熊本市動物愛護センターの連絡先が明記されていた（住所〒861-8045 熊本市東区小山2丁目11-1、電話096-380-2153、FAX096-380-2185、メールdoubutsuaigo@city.kumamoto.lg.jp）。トップページを別途確認する必要はなかった。
石川県,石川県,www.pref.ishikawa.lg.jp,生存,メール,seieika2@pref.ishikawa.lg.jp,https://www.pref.ishikawa.lg.jp/kensei/soshiki/soshiki/renrakusaki/kenkou.html,担当部署: 健康福祉部薬事衛生課。電話: 076-225-1441 / FAX: 076-225-1444。住所: 〒920-8580 石川県金沢市鞍月1丁目1番地(行政庁舎9階)。対象ページ自体にはメール記載なく、組織連絡先一覧ページ(kenkou.html)から取得した点に留意。
神奈川県,横浜市,www.city.yokohama.lg.jp,生存,メール,ir-douai@city.yokohama.lg.jp,https://www.city.yokohama.lg.jp/kurashi/sumai-kurashi/pet-dobutsu/aigo/maigo/shuyoinfo.html,担当部署は医療局健康安全部動物愛護センター。電話045-471-2111、FAX045-471-2133も併記あり。ページ内に問い合わせ先として明記されているメールアドレスを採用。
神奈川県,川崎市,www.city.kawasaki.jp,生存,メール,40dobutu@city.kawasaki.jp,https://www.city.kawasaki.jp/350/page/0000077270.html,担当部署: 川崎市健康福祉局保健医療政策部動物愛護センター。電話044-589-7137、FAX044-589-7138も併記あり。対象URL自体に問い合わせ先が明記されていたため、トップページ探索は不要だった。
福井県,福井県,www.pref.fukui.lg.jp,生存,メール,doubutuaigo-c@pref.fukui.lg.jp,https://www.pref.fukui.lg.jp/doc/doukansi/doubutukanrisidou/doukansi-c-4.html,担当部署: 福井県動物愛護センター。電話: 0776-38-2212。住所: 〒918-8165 福井市徳尉町18-1-1。受付時間: 平日8:30-17:15(土日祝・年末年始休)。メールアドレスは対象ページ内に直接記載されていたため、追加でトップページ等を探索する必要はなかった。
静岡県,静岡県,www.pref.shizuoka.jp,生存,メール,eisei@pref.shizuoka.lg.jp,https://www.pref.shizuoka.jp/kensei/introduction/soshiki/1002857/1041025/1024920.html,対象ページ自体（1066835/index.html）は迷い犬一覧で、担当は健康福祉部生活衛生局衛生課（動物愛護班）。電話054-221-2347、FAX054-221-2342、メールeisei@pref.shizuoka.lg.jp。汎用の「各種お問い合わせ」ページ(https://www.pref.shizuoka.jp/kensei/pr/hiroba/1007313.html)には動物愛
静岡県,浜松市はぴまるの丘,www.hama-aikyou.jp,生存,メール,aikyou@city.hamamatsu.shizuoka.jp,https://www.hama-aikyou.jp/hogoinu/index.html,対象ページおよびトップページ(https://www.hama-aikyou.jp/)双方に問い合わせ先(動物愛護教育センター、電話053-487-1616、メールaikyou@city.hamamatsu.shizuoka.jp、住所〒431-1209静岡県浜松市中央区舘山寺町199番地)が明記されている。加えて浜北支所(電話053-585-1398)も窓口として案内あり。フッターに問い合わせフ
香川県,高松市 わんにゃん高松,www.city.takamatsu.kagawa.jp,生存,メール,seikatsueisei@city.takamatsu.lg.jp,https://www.city.takamatsu.kagawa.jp/udanimo/ani_infolist1.html?infotype=1&animaltype=1,対象ページのフッター(問い合わせ先欄)に高松市保健所 生活衛生課の連絡先が明記されていた: 電話087-839-2865、FAX087-839-2879、メールseikatsueisei@city.takamatsu.lg.jp、住所〒760-0074 高松市桜町一丁目10番27号 高松市保健所1階。トップページ(https://www.city.takamatsu.kagawa.jp/)には全庁
香川県,さぬき動物愛護センター,www.pref.kagawa.lg.jp,生存,メール,s-doubutuaigo@pref.kagawa.lg.jp,https://www.pref.kagawa.lg.jp/s-doubutuaigo/sanukidouaicenter/,問い合わせフォーム(Webフォーム)は見当たらず。メールアドレスと電話/FAXが公式の連絡手段。念のため2回のWebFetchでメールアドレス記載を再確認済み。
鳥取県,鳥取県,www.pref.tottori.lg.jp,生存,メール,kurashi@pref.tottori.lg.jp,https://www.pref.tottori.lg.jp/221001.htm,担当部署は鳥取県 生活環境部 くらしの安心推進課。ページ内に直接メールアドレス(kurashi@pref.tottori.lg.jp)と電話番号(0857-26-7593)、FAX(0857-26-8171)の記載あり。フォームは確認していないがメール記載があるため不要。
兵庫県,神戸市動物管理センター,www.city.kobe.lg.jp,生存,フォーム,https://kobecity.form.kintoneapp.com/public/35198634359250862fbe52ac36e689a3efe094763b48ebc889044470727322b4?pageid=807&title=収容犬猫情報&url=https://www.city.kobe.lg.jp/a84140/kenko/health/hygiene/animal/zmenu/index.html,https://www.city.kobe.lg.jp/a84140/kenko/health/hygiene/animal/zmenu/index.html,対象ページ自体に「お問い合わせフォーム」リンク(kintoneapp製フォーム)が設置されている。メールアドレスの記載はなし。電話問い合わせ先は078-771-7497(神戸市動物管理センター、受付8:45-17:30・土日祝除く)。関連ページとして「動物管理センター及び警察署会計課の連絡先」(/a84140/kenko/health/hygiene/animal/h0496.html)、市全体の
兵庫県,あかし動物センター,www.city.akashi.lg.jp,生存,フォーム,https://logoform.jp/form/eHmi/771018,https://www.city.akashi.lg.jp/kankyou/dobutsu/,あかし動物センターの案内ページ(https://www.city.akashi.lg.jp/kankyou/dobutsu/)に「こちらのフォームからお問い合わせください」との案内があり、外部フォームサービス(LoGoフォーム)のURLが掲載されている。フォーム自体はCookie必須のJS動作で内容の直接確認はできなかったが、明石市公式ページからのリンク先であることは確認済み。メールアドレスの記載
北海道,札幌市,www.city.sapporo.jp,生存,フォーム,https://docs.google.com/forms/d/e/1FAIpQLScGB-lUOqykd0MILsAmJXpjL7hzStCwTBGdvbv_fME3yYwuWw/viewform,https://www.city.sapporo.jp/inuneko/syuuyou_doubutsu/maigoinu.html,メールアドレスの記載はなし。ページ内の連絡先は電話(011-736-6134、動物愛護管理センター)・ファクス(011-736-6137)、および迷子動物届出用のGoogleフォームリンクのみ。フォームは一般問い合わせ用ではなく「迷子動物届出」専用の可能性がある点に留意。
千葉県,千葉県動愛センター本所,www.pref.chiba.lg.jp,生存,フォーム,https://www.pref.chiba.lg.jp/form/b_kouhou_center_teian-j/form.html,https://www.pref.chiba.lg.jp/,動物愛護センター保護指導課専用のメールアドレスは見つからなかった。連絡手段は電話(0476-93-5711)・FAX(0476-93-5326)が明記されている。メール相当の手段としては千葉県庁全体の「県民の声(ご意見・ご質問)」共通フォーム(https://www.pref.chiba.lg.jp/form/b_kouhou_center_teian-j/form.html)があり、これは部署を
千葉県,船橋市,www.city.funabashi.lg.jp,生存,フォーム,https://www.city.funabashi.lg.jp/inquiry/mailform070204.html?PAGE_NO=13242,https://www.city.funabashi.lg.jp/kurashi/doubutsu/003/p013242.html,担当部署は動物愛護指導センター(電話047-435-3916、FAX047-435-3917)。メールアドレスの明記はなく、問い合わせは専用Webフォーム経由。フォームページ自体にも「至急の場合は電話で」との案内があり、メールアドレスはページ上に見当たらない。
千葉県,柏市,www.city.kashiwa.lg.jp,生存,フォーム,https://faq2.city.kashiwa.lg.jp/helpdesk?category_id=392&site_domain=default,https://www.city.kashiwa.lg.jp/dobutsuaigo/shiseijoho/shisei/health_hospital/mainmenu/dobutsu/hogo/hogo.html,対象ページに柏市動物愛護ふれあいセンター(保健所)の電話番号(04-7190-2828)と住所(〒277-0924 千葉県柏市風早二丁目4番地3)、および問い合わせフォームへのリンクが記載されていた。フォームは柏市FAQサイト(okbiz→faq2.city.kashiwa.lg.jp)経由で「保健所動物愛護ふれあいセンター」宛のカテゴリが指定されている。メールアドレスの明記は確認できなかったため
和歌山県,和歌山市動物愛護管理センター,www.city.wakayama.wakayama.jp,生存,フォーム,https://logoform.jp/form/fKMM/484310?r[27:text]=https://www.city.wakayama.wakayama.jp/kurashi/kenko_iryo/1009125/1035775/1002096.html,https://www.city.wakayama.wakayama.jp/kurashi/kenko_iryo/1009125/1035775/1002096.html,"ページ内にメールアドレスの記載はなし。問い合わせは専用のWebフォーム(logoform.jp)経由。担当部署は健康局健康推進部生活保健課動物愛護管理センター(電話073-488-2032、FAX073-488-2033、住所〒640-8422 和歌山市松江東3丁目2番63号)。</notes>
</invoke>
"
埼玉県,さいたま市,www.city.saitama.lg.jp,生存,フォーム,https://www.city.saitama.lg.jp/inquiry/mailform0012610.html?PAGE_NO=3138,https://www.city.saitama.lg.jp/008/004/003/004/p003138.html,担当部署: 保健衛生局 保健部 動物愛護ふれあいセンター。電話048-840-4150、FAX 048-840-4159（受付8:30-17:15、日月祝休み）。メールアドレスは対象ページ・問い合わせフォームいずれにも記載なし。フォームは動物愛護ふれあいセンター宛と明記されているWeb問い合わせフォーム。
埼玉県,越谷市,www.city.koshigaya.saitama.jp,生存,フォーム,https://www.city.koshigaya.saitama.jp/toiawase/toiawase.html,https://www.city.koshigaya.saitama.jp/toiawase/toiawase.html,動物管理センター専用のメールアドレスは公式サイト上に見当たらなかった。問い合わせは市の共通メールフォーム(各課へのお問い合わせ)経由で、フォーム内で担当課(生活衛生課など)を選択する方式。電話連絡先は048-969-8511(動物管理センター直通)。推測でメールアドレスを作成していない。
大分県,大分市,www.city.oita.oita.jp,生存,フォーム,https://www.city.oita.oita.jp/o029/shisejoho/kohokocho/1268121393592.html （「ご意見ご要望」ページ内で「お問い合わせフォーム」の利用が案内されているが、フォーム自体への直接リンクURLはページ内テキストとして明示されていない）,https://www.city.oita.oita.jp/o029/shisejoho/kohokocho/1268121393592.html,対象ページ(inunohogo/index.html)にはメールアドレス・専用問い合わせフォームの記載なし。トップページにもメールアドレスの明記はなし。大分市サイト全体の「市民の声」内「ご意見ご要望」ページに問い合わせフォーム案内があるが、実URLはHTML内でJS等により生成されている可能性があり、WebFetch経由のテキスト抽出では取得できなかった。確実な連絡手段は市役所代表電話 097-5
大分県,おおいた動物愛護センター,oita-aigo.com,生存,フォーム,https://oita-aigo.com/contact/,https://oita-aigo.com/contact/,トップページ(https://oita-aigo.com/)およびlostchildページに「お問い合わせ」リンクがあり、https://oita-aigo.com/contact/ にWebフォームが設置されている。メールアドレスの明記はなし。フォームページ上部には「回答を要する案件は電話(097-588-1122、平日8:30-17:15)または窓口来訪を推奨」との注記あり。管轄別の電話番号(
大阪府,大阪市,www.city.osaka.lg.jp,生存,フォーム,https://sc.city.osaka.lg.jp/mail/inquiry.cgi?so=baaf99269305b9527292f4fc31ecb9e3099b2009&ref=kenko%2Fpage%2F0000110901.html,https://www.city.osaka.lg.jp/kenko/page/0000110901.html,"ページ下部「このページの作成者・問合せ先」欄に大阪市健康局生活衛生部動物管理センター(電話06-6685-3700, FAX06-6686-4507, 住所〒559-0021 大阪市住之江区柴谷2丁目5番74号)への問い合わせフォームリンクが記載されている。プレーンテキストのメールアドレスは見つからず、代わりにWebメールフォーム(inquiry.cgi、セッショントークン付きURL)が用意されて"
大阪府,豊中市,www.city.toyonaka.osaka.jp,生存,フォーム,https://www.city.toyonaka.osaka.jp/cgi-bin/formmail/formmail.cgi?d=001050060010000,https://www.city.toyonaka.osaka.jp/kurashi/pettp-inuneko/maigo.html,担当部署は健康医療部 保健安全課(豊中市保健所)。ページ内に「このページの作成担当にメールを送る」リンクがあり、これは formmail.cgi によるWebフォーム(mailto直リンクではない)。参考の電話番号:06-6152-7321、FAX:06-6152-7728。直接のメールアドレス記載は見つからなかった。
大阪府,東大阪市,www.city.higashiosaka.lg.jp,生存,フォーム,https://www.city.higashiosaka.lg.jp/module/shareform.php?so_cd=12-11-0-0-0,https://www.city.higashiosaka.lg.jp/0000005910.html,ページ内にメールアドレスの明記はなし。電話072(963)6211・FAX072(963)1644は掲載されているが、メール/フォームの条件のためcontact_valueにはお問い合わせフォームURLを記載。フォームURLはWebFetch(AI要約)経由で抽出したhref値であり、直接HTMLソースを目視確認したものではない点に留意。
大阪府,枚方市,www.city.hirakata.osaka.jp,生存,フォーム,https://www.city.hirakata.osaka.jp/mailform/inquiry.cgi?so=95b6e0a7ef707daa13d6a18df17c2aaf0c068f39&ref=https%3A%2F%2Fwww.city.hirakata.osaka.jp%2F0000001430.html,https://www.city.hirakata.osaka.jp/0000001430.html,ページ内にメールアドレスの直接記載はなし。問い合わせ先は枚方市保健所衛生課(電話072-807-7624、FAX072-845-0685)で、フォーム経由の問い合わせリンクが同ページ下部に設置されている。
奈良県,奈良市,www.city.nara.lg.jp,生存,フォーム,https://9c6d4b3b.form.kintoneapp.com/public/naracity-contactcenter,https://www.city.nara.lg.jp/soshiki/3/8837.html,対象ページ(https://www.city.nara.lg.jp/life/4/34/134/)自体にメールアドレスの記載はなし。ページ下部の「お問い合わせ」リンクから https://www.city.nara.lg.jp/soshiki/3/8837.html (広報課の全庁共通お問い合わせ案内)に遷移し、そこにkintoneAppベースの問い合わせフォームURLが明記されていた。動物愛護担
富山県,富山県,www.pref.toyama.jp,生存,フォーム,https://www.pref.toyama.jp/1021/kensei/kenseisanka/kenseisanka/form.html,https://www.pref.toyama.jp/1021/kensei/kenseisanka/kenseisanka/form.html,対象ページ内にメールアドレスの記載はなく、電話・FAX番号のみ(生活衛生課: 076-444-3230/FAX 076-444-3497、動物管理センター: 076-462-3467/FAX 076-462-3494)。県サイト共通の「県政参加/ご意見・ご質問」フォームが問い合わせ手段として案内されている。部署名を選択して送信する形式と推測されるが、フォーム内の部署選択肢までは確認していない。
岡山県,岡山県動物愛護センター,www.pref.okayama.jp,生存,フォーム,https://www.pref.okayama.jp/form/detail.php?sec_sec1=191,https://www.pref.okayama.jp/soshiki/191/,対象ページ(859555.html)自体にはメールアドレス記載なし、電話086-724-9512/FAX086-724-9513のみ。動物愛護センターの組織ページ(soshiki/191)に問い合わせフォームリンクを発見。なお検索でヒットしたokadouaizai@mx9.tiki.ne.jpは「公益財団法人岡山県動物愛護財団」という別法人（岡山県動物愛護財団のトップページ ww9.tiki.ne
岡山県,岡山市,www.city.okayama.jp,生存,フォーム,https://com.city.okayama.jp/cmsys-etc/ques/contact2.cgi?mail=0150000005,https://www.city.okayama.jp/shisei/0000001222.html,対象ページ(保護動物情報カテゴリ)自体には担当課直通のメールアドレスや専用フォームは見当たらなかった。トップページ(https://www.city.okayama.jp/)から辿れる全庁共通の「市政へのご意見・ご提案」フォームのみ確認。フォームはメール送信ではなくWeb投稿フォームで、送信者アドレスは自動送信されない(返信希望の場合は本人がメールアドレスを入力する仕様)。担当部署への電話問い合わ
岡山県,倉敷市,www.city.kurashiki.okayama.jp,生存,フォーム,https://www.city.kurashiki.okayama.jp/cgi-enq/contacts/G290040020,https://www.city.kurashiki.okayama.jp/kurashi/pet/1013042/index.html,対象ページ内に「倉敷市保健所 生活衛生課 動物管理係」宛の問い合わせフォームリンク(https://www.city.kurashiki.okayama.jp/cgi-enq/contacts/G290040020)が確認できた。フォームURLへの直接WebFetchはHTTP 400(認証/セッション/リファラ要件によるものと推測、ブラウザからは正常に開ける可能性が高い)。電話086-434-9
岩手県,岩手県,www.pref.iwate.jp,生存,フォーム,https://www.pref.iwate.jp/cgi-bin/contacts/C03230101,https://www.pref.iwate.jp/kurashikankyou/anzenanshin/pet/1004615.html,ページ内にメールアドレスの直接記載はなく、「お問い合わせは専用フォームをご利用ください」として上記のオンライン問い合わせフォームへ誘導されている。担当部署は環境生活部県民くらしの安全課食の安全安心担当、電話019-629-5385、FAX019-629-5279。
広島県,広島県動物愛護センター,www.pref.hiroshima.lg.jp,生存,フォーム,https://www.pref.hiroshima.lg.jp/form/detail.php?sec_sec1=180&lif_id=1137531,https://www.pref.hiroshima.lg.jp/site/apc/jouto-stray-dog-list.html,ページ内にメールアドレスの記載はなし。問い合わせはページ下部の「お問い合わせフォームはこちらから」リンク経由のWebフォームのみ。参考: 電話 0848-60-8511、FAX 0848-86-8012（広島県動物愛護センター、三原市本郷町上北方字用倉山11352番）。
広島県,福山市,www.city.fukuyama.hiroshima.jp,生存,フォーム,https://www.city.fukuyama.hiroshima.jp/form/detail.php?sec_sec1=187,https://www.city.fukuyama.hiroshima.jp/soshiki/dobutsuaigo/237722.html,ページ内に動物愛護センターの電話番号(084-970-1201、8:30-17:15、土日祝・年末年始除く)の記載あり。メールアドレスの明記は見つからなかったが、問い合わせフォームへのリンクが確認できたため contact_method=form とした。
愛媛県,愛媛県動物愛護センター,www.pref.ehime.jp,生存,フォーム,https://www.pref.ehime.jp/form/detail.php?sec_sec1=58&lif_id=153797,https://www.pref.ehime.jp/page/16976.html,対象ページ内に「メールでのお問い合わせはこちら」というリンクがあり、担当課(動物愛護センター)宛の問い合わせフォームに遷移する仕組み。フォームURL自体がメールアドレス代替のCGI窓口で、メールアドレスの直接記載は確認できなかった。参考: 動物愛護センター 電話089-977-9200 / FAX089-914-5415、住所〒791-0133 松山市東川町乙44-7。
愛知県,愛知県わんにゃんナビ,wannyan-navi.pref.aichi.jp,生存,フォーム,https://www.pref.aichi.jp/form/detail.php?sec_sec1=111,https://www.pref.aichi.jp/soshiki/doukan-c/,wannyan-navi.pref.aichi.jp自体のサイト内に明示的な問い合わせページ/メールアドレスをWebFetchで確認できなかった(SPA構造のため)。動物愛護関連の里親情報を管轄する愛知県動物愛護センター(https://www.pref.aichi.jp/soshiki/doukan-c/)のページに「メールでの問合せはこちら」というリンクがあり、そのリンク先は問い合わせフォーム
愛知県,豊田市動物愛護センター,www.city.toyota.aichi.jp,生存,フォーム,https://www.city.toyota.aichi.jp/cgi-bin/contacts/ay02030,https://www.city.toyota.aichi.jp/kurashi/sumai/pet/1003696.html,ページ内に「お問合せは専用フォームをご利用ください」との記載があり、メールアドレスの明記はなし。電話番号(0565-42-2533)・FAX(0565-80-2020)・住所(愛知県豊田市矢並町法沢715-4 鞍ケ池公園内)は記載あり。担当部署: 豊田市動物愛護センター。
愛知県,岡崎市,www.city.okazaki.lg.jp,生存,フォーム,https://cdp.city.okazaki.lg.jp/help_portal?id=hp_sc_cat_item&sys_id=b622ee562bb47e104461f77ace91bf14&ref=hp&dep=100055400000,https://www.city.okazaki.lg.jp/1100/1149/1149/p008181.html,対象ページ(保護動物情報)内に「動物総合センター 動物1係」(〒444-0011 岡崎市欠町字大山田1番地、TEL 0564-27-0402、FAX 0564-23-6262)の連絡先記載あり。メールアドレスの明記は見つからず、代わりに市の問い合わせポータル(help_portal)の専用フォームリンクがページ内に設置されている。フォームURLはWebFetch経由でHTMLから抽出したもので、直
新潟県,新潟県動物愛護センター,www.pref.niigata.lg.jp,生存,フォーム,https://www.pref.niigata.lg.jp/form/detail.php?sec_sec1=38&inq=05&lif_id=843222,https://www.pref.niigata.lg.jp/sec/seikatueisei/1333314133188.html,対象ページ内に「メールでのお問い合わせはこちら」というリンクがあり、上記フォームURLに遷移する。ページにメールアドレスの直接記載はない。電話番号は0258-21-5501（動物愛護センター直通）。フォームページ自体はCookie無効環境だと開けない旨のメッセージが出るが、これはWebFetchツール側の制約(Cookie非対応)によるものであり、フォームが実在しないことを意味しない。フォーム利用
栃木県,宇都宮市,www.city.utsunomiya.lg.jp,生存,フォーム,https://www.city.utsunomiya.lg.jp/cgi-bin/contacts/F050110000,https://www.city.utsunomiya.lg.jp/kurashi/pet/pet/1005584.html,担当部署は「宇都宮市保健所 生活衛生課」。電話028-626-1108、FAX028-627-9244、住所〒321-0974宇都宮市竹林町972。メールアドレスは見つからなかった。フォームURLへの直接アクセス(WebFetch)はHTTP 400を返したが、これはCGIフォームがGET直叩きや外部リファラを許可していないための可能性が高く、ページ内のリンクとしては正規に存在する。
沖縄県,沖縄県動物愛護管理センター,www.aniwel-pref.okinawa,生存,フォーム,https://www.aniwel-pref.okinawa/contact,https://www.aniwel-pref.okinawa/contact,"トップページ・収容犬ページにメールアドレスの明記はなし。/contact に問い合わせフォーム（氏名・電話番号・メールアドレス・お問い合わせ内容等の入力欄）が設置されているが、送信先メールアドレスはページ上に明記されていない。電話連絡先: 沖縄県動物愛護管理センター Tel 098-945-3043（平日8:30-12:00, 13:00-17:15）, Fax 098-945-0224。住所: "
滋賀県,大津市動物愛護センター,www.city.otsu.lg.jp,生存,フォーム,https://www.city.otsu.lg.jp/cgi-bin/inquiry.php/50,https://www.city.otsu.lg.jp/soshiki/021/1442/g/pet/mayoi/1387775941679.html,ページ内に「動物愛護センターにメールを送る」というリンクが2箇所あるが、実体はmailto:ではなくCGI問い合わせフォーム(inquiry.php/50、部署IDで動物愛護センター宛に自動ルーティング)。メールアドレスの直接記載は見つからず。電話077-574-4601、FAX077-574-4550の記載あり(担当部署: 健康福祉部保健所 動物愛護センター、〒520-0246 大津市仰木の里一
神奈川県,神奈川県動物愛護センター,www.pref.kanagawa.jp,生存,フォーム,https://dshinsei.e-kanagawa.lg.jp/140007-u/offer/offerList_detail.action?tempString=SF1594,https://www.pref.kanagawa.jp/osirase/1594/awc/faq/inquiry.html,対象ページ内にメールアドレスの記載はなし。フッターの「お問い合わせ」リンクから神奈川県動物愛護センターのお問い合わせページ(/osirase/1594/awc/faq/inquiry.html)に到達し、そこに電話番号(0463-58-3411、平日8:30-17:15)とWeb申請フォーム(e-kanagawa電子申請システム、フォームID SF1594)へのリンクが記載されていた。メールアドレ
福岡県,北九州市,www.city.kitakyushu.lg.jp,生存,フォーム,https://www.city.kitakyushu.lg.jp/contents/924_11831.html（ページ内「メールを送信（メールフォーム）」リンクからJavaScriptでページ内フォーム送信。個別のフォームURLは発行されていない）,https://www.city.kitakyushu.lg.jp/contents/924_11831.html,明記されたメールアドレスは見つからなかった。ページには「メールによるお問合せは、更新作業等に影響する事がございますので、できるだけご遠慮ください」との記載があり、電話（動物愛護センター 093-581-1800）が主たる問い合わせ手段として案内されている。ページ内にはメールフォーム送信用リンクがあるが、これはjavascript:関数呼び出しでinquireというフォーム要素をsubmitするもの
秋田県,ワンニャピアあきた,wannyapia.akita.jp,生存,フォーム,https://wannyapia.akita.jp/pages/contact,https://wannyapia.akita.jp/pages/contact,トップページ/対象ページから「お問い合わせ」リンク(/pages/contact)を確認。同ページに氏名・電話番号・メールアドレス・居住地域・本文を入力する問い合わせフォームが設置されているが、メールアドレスの明記はなし。電話(018-827-5051)・FAX(018-886-5581)も併記されている。フォームのPOST先URLまでは取得できなかったため、フォーム設置ページのURLをconta
群馬県,群馬県動物愛護センター,www.pref.gunma.jp,生存,フォーム,https://www.pref.gunma.jp/form/detail.php?sec_sec1=86&lif_id=768249,https://www.pref.gunma.jp/page/167499.html,ページ内にメールアドレスの記載はなし。ページ下部の「お問い合わせフォーム」リンク先(群馬県動物愛護センター本所宛、sec_sec1=86)を確認したが、WebFetch経由ではCookie未対応のためエラー表示のみでフォーム本体は取得できなかった（実ブラウザでは動作する可能性が高い）。電話番号は0270-75-1718（動物愛護センター本所）。
群馬県,前橋市,www.city.maebashi.gunma.jp,生存,フォーム,https://www.city.maebashi.gunma.jp/cgi-bin/inquiry.php/42?page_no=9484,https://www.city.maebashi.gunma.jp/soshiki/kenko/eiseikensa/gyomu/1/1/1/9484.html,ページ内にメールアドレスの明記はなし。「お問い合わせはこちらから」というリンクから問い合わせフォーム(cgi-bin/inquiry.php)に遷移する形式。電話番号は027-220-5777(健康部生活衛生課動物愛護管理係)、FAX 027-223-8835も記載あり。
茨城県,水戸市,www.city.mito.lg.jp,生存,フォーム,https://www.city.mito.lg.jp/page/19971.html,https://www.city.mito.lg.jp/page/19971.html,水戸市動物愛護センター(愛称:あにまるっとみと)の直接のメールアドレスはサイト内に見つからなかった。センター専用の問い合わせ手段は電話029-350-3800/FAX029-350-3802のみ。メールでの問い合わせ手段としては、市が全庁共通で提供する「ご意見・ご要望」フォーム(page/19971.html)があり、これは市民相談室を経由して担当部署(動物愛護センター含む)に振り分けられる仕組み
長崎県,長崎犬猫ネット,animal-net.pref.nagasaki.jp,不通,フォーム,https://apply.e-tumo.jp/pref-nagasaki-u/offer/offerList_detail?tempSeq=1464,https://www.pref.nagasaki.jp/organization/kenminseikatsukankyobu/eisei/,動物愛護・狂犬病予防担当は長崎県 県民生活環境部 生活衛生課(電話095-895-2363/2364、FAX095-824-4780、〒850-8570 長崎市尾上町3-1)。同課ページに「このページへの質問はこちらから」というJS発火(qreapform)のe-tumo問い合わせフォームリンクがあり、長崎県共通フォームシステム(apply.e-tumo.jp)にtempSeq=1464(生活衛生
長崎県,佐世保市,www.city.sasebo.lg.jp,生存,フォーム,https://faq.city.sasebo.lg.jp/faqfa2/public/web/form101.html,https://www.city.sasebo.lg.jp/soumu/kouhou/otoiawase.html,対象ページ (hogodoubutsu.html) 自体および生活衛生課の個別ページにはメールアドレスの記載なし。市公式の「ご意見・お問い合わせ」ページ(https://www.city.sasebo.lg.jp/soumu/kouhou/otoiawase.html)に、担当部署不明時用の総合問い合わせフォーム(https://faq.city.sasebo.lg.jp/faqfa2/publi
長野県,長野県動物愛護センター,www.pref.nagano.lg.jp,生存,フォーム,https://www.pref.nagano.lg.jp/otoiawase/index.html,https://www.pref.nagano.lg.jp/dobutsuaigo/joto/inu-neko/inu.html,対象ページのヘッダー/フッターに「お問い合わせ」リンクがあり、リンク先は長野県庁の汎用問い合わせページ(/otoiawase/index.html)。これは動物愛護センター専用フォームではなく県庁代表の問い合わせ案内(電話026-232-0111含む)で、部署別フォームへの誘導のみでメールアドレスは記載なし。動物愛護センター自体の直接連絡先は電話0267-24-5071/FAX0267-26-32
高知県,高知県動物愛護センター,kochi-apc.com,生存,フォーム,https://kochi-apc.com/contact/,https://kochi-apc.com/contact/,contact/ページ本文にメールアドレスの明記は確認できず(「メールフォームはこちら」というリンクのみ)。フォーム項目はお名前・フリガナ・電話番号・メールアドレス(確認含む)・問い合わせ内容。電話連絡先も併記あり: 中央センター 088-831-7939(〒780-8021 高知市孕東町56-2)、中村センター 0880-34-6252(〒787-0010 四万十市古津賀3069-4)。なお1回
京都府,京都市ペットラブ,kyoto-ani-love.com,生存,見つからず,,https://kyoto-ani-love.com/,運営は京都市・京都府共同設置の京都動物愛護センター。トップページに記載の連絡先は電話(075-671-0336)とFAX(075-671-0338)のみで、メールアドレスや問い合わせWebフォームへのリンクは見当たらなかった。/contact/ 等の推測URLも404で存在しない。メール・フォームでの問い合わせ手段は未確認のため none_found とした。
兵庫県,兵庫県動物愛護センター,hyogo-douai.sakura.ne.jp,生存,見つからず,,https://hyogo-douai.sakura.ne.jp/,兵庫県動物愛護センターの公式サイトにはメールアドレス・問い合わせフォームが存在しない。連絡手段は電話(本センター06-6432-4599等、上記参照)とFacebookのみ。メールで問い合わせたい場合は兵庫県庁公式サイト(https://web.pref.hyogo.lg.jp/)経由で探す必要がある可能性があるが未調査。
兵庫県,尼崎市動物愛護センター,www.city.amagasaki.hyogo.jp,生存,見つからず,,https://www.city.amagasaki.hyogo.jp/kurashi/iryou/pet/051syuuyoudoubutu.html,確認できた連絡先は電話・ファクスのみ: 尼崎市動物愛護センター TEL 06-6434-2233 / FAX 06-6434-2293（住所: 〒661-0047 兵庫県尼崎市西昆陽4丁目1番1号）。メールアドレスやWebフォームは対象ページ・市トップページのいずれにも見つからなかった。推測でのメールアドレス記載は行っていない。
大阪府,大阪府動物愛護管理センター,www.pref.osaka.lg.jp,生存,見つからず,,https://www.pref.osaka.lg.jp/o120200/doaicenter/doaicenter/madoguchi.html,メールアドレス・Webフォームは見つからず。連絡手段は電話のみ確認: 箕面支所 072-727-5223(平日9:30-17:00)。ページ下部に「各種お問合わせ」リンク(/o070050/koho/information/index.html)があるが、そこも一般的な電話案内のみでメール/フォームの明記なし。推測でメールアドレスを記載することは避けた。
大阪府,高槻市,www.city.takatsuki.osaka.jp,生存,見つからず,,https://www.city.takatsuki.osaka.jp/soshiki/39/2752.html,対象ページに記載の担当部署は「高槻市 保健衛生課」、電話072-661-9331、FAX 072-661-1800（メールアドレス記載なし）。ページ内・トップページ双方を確認したが、mailto:リンクや専用の問い合わせWebフォームへのリンクは見つからなかった。一般的な自治体CMSの汎用フォームURL推測は行っていない（事実未確認のため）。電話・FAXでの連絡のみ確認できた。
山口県,山口県動物愛護センター,www.pref.yamaguchi.lg.jp,生存,見つからず,,https://www.pref.yamaguchi.lg.jp/site/doubutuaigo/10012.html,問い合わせページ(10012.html)を確認したが、mailto:リンクもWebフォームへのリンクも存在しない。掲載されているのは電話(083-973-8315)とFAX(083-973-8341)、所在地(〒754-0891 山口市陶10943-12)のみで「お電話にてお問い合わせください」と明記されている。関連の組織ページ(soshiki/21/26911.html)も確認したが同様にメール
山形県,山形県,www.pref.yamagata.jp,生存,見つからず,,https://www.pref.yamagata.jp/020071/kenfuku/doubutsuaigo/aigo/kainushisagashi/keijiban.html,担当部署は「防災くらし安心部 食品安全衛生課」（電話: 023-630-2621、FAX: 023-624-8058、住所: 〒990-8570 山形市松波二丁目8番1号）と明記されているが、メールアドレスの記載はなし。ページ内・関連ページ（動物愛護トップ、山形県トップ、ご相談窓口ページ）にもメールフォームへの直接リンクは見当たらなかった。山形県トップのフッターに「ご相談窓口」への一般リンクはある
山梨県,山梨県,www.pref.yamanashi.jp,生存,見つからず,,https://www.pref.yamanashi.jp/doubutsu/index.html,山梨県動物愛護指導センターのサイト内（トップページ含む）にメールアドレスや専用の問い合わせフォームは見当たらなかった。掲載されている連絡先は電話(055-273-5034)とFAX(055-273-5614)のみ。住所は〒409-3812 中央市乙黒1083。県の一般問い合わせページ(https://www.pref.yamanashi.jp/toiawase/index.html)を確認したが、
徳島県,徳島県動物愛護管理センター,douai-tokushima.com,生存,見つからず,,https://douai-tokushima.com/,サイト内にメールアドレスやWeb問い合わせフォームの記載は見つからなかった。連絡手段は電話(088-636-6122)とFAX(088-636-6123)のみ。住所は〒771-3201 徳島県名西郡神山町阿野字長谷333。参考: Instagram @tokushimaaigokanri あり。
東京都,町田市,www.city.machida.tokyo.jp,生存,見つからず,,https://www.city.machida.tokyo.jp/iryo/hokenjo/goannai/index.html,担当課の電話番号は042-722-6727(生活衛生課 動物愛護担当)。メール・Webフォームは明記された情報源では確認できず、推測でのアドレス記載は行っていない。必要であれば「町田市 メールで意見・要望」の各課別フォーム一覧ページ(URL不明、トップの「市へのご意見」から辿る導線)をさらに深掘り調査可能。
熊本県,熊本県動愛,www.kumamoto-doubutuaigo.jp,生存,見つからず,,https://www.kumamoto-doubutuaigo.jp/topics/rennrakusaki.html,トップページ・「各種連絡先」ページ(/topics/rennrakusaki.html)を確認したが、メールアドレスの記載は見当たらなかった。連絡先は熊本県動物愛護センター「アニマルフレンズ熊本」の電話番号(0964-27-8115)のみ。なお/post_animals/pre_entry/という「犬猫情報登録フォーム」へのリンクはあるが、これは一般問い合わせ用ではなく迷子犬猫等の情報提供専用フォ
神奈川県,横須賀市,www.yokosuka-doubutu.com,生存,見つからず,,https://www.yokosuka-doubutu.com/,トップページ・保護犬ページともにメールアドレスや問い合わせフォームは見つからなかった。連絡先として案内されているのは電話番号のみ(TEL 046-869-0040、平日8:30-17:00)。住所は〒237-0062 神奈川県横須賀市浦郷町5-2931(横須賀市動物愛護センター)。
福岡県,福岡県動物愛護協会,www.zaidan-fukuoka-douai.or.jp,生存,見つからず,,https://www.zaidan-fukuoka-douai.or.jp/,トップページに「ご連絡は平日の9時から17時の間にお電話でお願いします。（電子メール不可）」と明記されており、メールでの問い合わせは明示的に不可。連絡手段は電話(092-944-1281)とFAX(092-944-1282)のみで、問い合わせフォームやメールアドレスの記載は見当たらなかった。
福岡県,福岡市わんにゃん,www.wannyan.city.fukuoka.lg.jp,生存,見つからず,,https://www.wannyan.city.fukuoka.lg.jp/yokanet/access,わんにゃんよかネット内(トップ、access、link各ページ)および福岡市公式サイト(city.fukuoka.lg.jp トップ、lifeinformation/eisei-doubutsuaigo)を確認したが、メールアドレスも専用問い合わせフォームも見つからなかった。連絡先として明記されているのは電話・FAXのみ:東部動物愛護管理センター(あにまるぽーと) TEL 092-691-0131
福島県,福島県,www.pref.fukushima.lg.jp,生存,見つからず,,https://www.pref.fukushima.lg.jp/sec/21620a/maigo-dog-miharu.html,動物愛護センター本所の連絡先は電話024-953-6400・Fax024-953-6408・住所〒963-7732 田村郡三春町大字上舞木字向田17番のみ。メールでの問い合わせ手段およびWeb問い合わせフォームはページ内に確認できなかった。
茨城県,茨城県,www.pref.ibaraki.jp,生存,見つからず,,https://www.pref.ibaraki.jp/hokenfukushi/doshise/hogo/syuuyou.html,メールアドレスやWebフォームは見つからなかったが、電話連絡先は明記されている: 保健医療部動物指導センター保護指導課 TEL 0296-72-1200 / FAX 0296-72-2271(住所: 〒309-1606 茨城県笠間市日沢47)。県サイト共通の「お問い合わせ」ページも確認したが、そこにもメール/フォームはなく代表電話(029-301-1111)への案内のみだった。
長崎県,長崎市動物愛護管理センター,www.city.nagasaki.lg.jp,生存,見つからず,,https://www.city.nagasaki.lg.jp/site/doubutsuaigo/list7-19.html,代表電話番号 095-822-8888（長崎市役所代表）は確認できたが、メールアドレスや専用問い合わせフォームは見つからなかった。動物愛護管理センターは2024年4月1日に長崎市茂里町2番34号2階へ移転済み。推測でのメールアドレス記載は行っていない。
青森県,青森県動物愛護センター,www.aomori-animal.jp,生存,見つからず,,https://www.aomori-animal.jp/,トップページ(https://www.aomori-animal.jp/)を確認したところ、連絡先として電話番号(017-726-6100)とFAX番号(017-726-6101)、住所(青森市大字宮田字玉水119-1)、開所時間(10:00-16:00、月曜休)は明記されていたが、メールアドレスやWeb問い合わせフォームへのリンクは見つからなかった。「お問い合わせ」ページの推測URL(00_IN
鹿児島県,鹿児島市,www.city.kagoshima.lg.jp,生存,見つからず,,https://www.city.kagoshima.lg.jp/kenkofukushi/hokenjo/seiei-jueki/kurashi/dobutsu/kainushi/joho/inu.html,メール・Webフォームは見つからなかったが、電話(099-803-6905)・FAX(099-803-7026)での問い合わせは可能。また市全体の代表案内窓口として「サンサンコールかごしま」(099-808-3333)がある。担当課の内部組織ページ(soshiki配下)は404で存在確認できず、URL構造の推測では特定できなかった。
